Job Opening,Job Company,Job Category,Job Content
Sr. SSD Firmware Engineer,Marvell_邁威爾科技有限公司,韌體設計工程師,"(1) Design and develop SSD firmware and assist in device bring-up.
(2) Responsible for feature implementation, design review, SoC validation, and publish weekly reports in accordance with Agile development process.
(3) Verify platform and ensure correctness between SSD controller and SoC modules.
(4) Program and debug on SSD controller and provide unified API for upper firmware layer usage.
(5) Anticipate and identify bottlenecks, escalate major problems, and discuss issues with the manager and team members.
(6) Create high-level design documentation and coordinate with other departments such as Hardware, Software, FW Test, and STE.


"
高階主管秘書,偉太健康科技有限公司,"秘書,主管特別助理,營運管理師／系統整合／ERP專案師","此職務需要有高度敏銳、解決問題之能力，橫向溝通佳且善於表達。
1.處理與主管相關的行政事務。
2.擔任部門之間或主管間的橋樑。
3.執行與協調辦公室行政活動、行政事務流程之規劃、整合及溝通。
4.協調公司各部門會議的排程，並於會後製作會議記錄及追蹤處理決議事項。
5.安排主管行程。
6.一般文書資料處理工作、簽核文件整理及發送。
7.協助主管維繫客戶關係(書信往來、電話聯絡...)。 
8. 英文商業書信/郵件翻譯/基本文書軟體/主管交辦事項/效率佳/思路清晰。
9. 具備流利英語聽說寫能力。
10.熟悉國際貿易進出口業務者擇優。
11.協助營運管理和整合各部門系統資訊。

國內外知名大學商學系畢優先錄取。
此職務為高階主管職，保障年薪14個月（包括年中和年終獎金）"
系統軟體開發工程師,捷螺系統股份有限公司,"軟體設計工程師,演算法開發工程師","1. 具程式設計開發經驗. 
2. 熟 C、C++、Java、Python、MySQL、 linux 佳
3.開發派車軟體，車輛繞路演算法，交通管理演算法，開發Material handling system
薪資佳. "
桃園區門市銷售顧問Water Filters Sales Representative,偉太健康科技有限公司,"店長／賣場管理人員,門市／店員／專櫃人員,國內業務人員","【職位要求】
如果你：
【服務熱忱】 【精品經驗】
個性開朗活潑，熱愛服務，期望從銷售中提升自我，善於經營及鞏固與客戶的關係。擁有精品銷售經驗，儀態端莊，談吐大方。

【Job Requirements】
If you…
【Passion in service】【Sales experience in luxury industry】
	Good team player, optimistic, pleasant, energetic, and service-oriented;
	Excellent in building and keeping relationship with customers;
	Have sales experience in luxury industry;
	Have a dignified deportment

【渴望成功】 【自信盡責】
曾有過挑戰和克服困難的經歷，對自己有極高期許，勇於突破自我。具有強烈企圖心，堅持不懈的精神。。
【Desire to success】【Confident and responsible】
	Look for self-breakthrough with high self-expectations;
	Have a big ambition to insist on getting better / overcoming difficulties

擁有以上特質的優秀人材優先錄取，歡迎您的加入！
If you meet the above conditions, you will be prioritized to be enrolled. 
Welcome to join us!

【薪資制度】
雄心壯志，不輕易滿足於現狀，我們在尋找勇於挑戰的你！
公司勇於保障優秀人材，高底薪保障及完整的績效獎金制度，條件越高，保障薪資越高；績效獎金，每季結算，還有團獎、個獎和不定期活動競賽獎。
【福利條件】
-	月休10日
-	外加國定假日及特休
-	平均每年至少138天休假
-	每週工時41小時
-	國定假日可調休
-	定期國外旅遊
"
水晶軒專櫃人員(台中)底薪固定13個月+獎金,香港商施華洛世奇有限公司台灣分公司,門市／店員／專櫃人員,"百貨公司專櫃人員(試用期保障薪資)
1.負責介紹及銷售商品。 
2.提供顧客之接待與需求服務。 
3.負責商品進貨入庫、銷售管理及庫存管理。 
4.負責商品包裝、陳列及促銷品換檔工作。 
5.維持店櫃週遭之整潔。"
Customer Service Representative,歐商_喜利得股份有限公司,"電話客服類人員,國內業務人員,電話行銷人員","1.	Be proactive for outbound upselling, propose additional sales lines, trade ins, LVR warranty exchanges and offer alternatives.

2.	Effectively plan outbound calls, organize your day/week, plan and prepare each call to achieve your quantitative call targets.

3.	Identify needs and opportunities during outbound calling, use telephone sales skills, close deals and create purchase orders.

4.	Problem solve during outbound activities, clarify and confirm the problem, solve or connect to the person/department that can solve the issue and give customer a timely answer.

5.	Demonstrate knowledge of information system, catalogue, HOL, telephone system, pricing structure and the SAP/ CRM system to secure fast and professional operations. Serve customers efficiently and be an active part of the MCS system.

6.	Understand customer needs and your trade and key applications. Be aware of different contact person needs. Apply decision making as per line and playbooks.

7.	Thrive for customer satisfaction; efficiently handle orders and inquiries, ensure professional complaint handling and coordinate with teammates to solve customer problems when needed

8.	Place strategic products/services to develop loyal customers, know features and benefits and the competitive advantage, argue the value proposition over the phone and offer several lines to give customer the choice.

9.	Use SSS to identify needs, opportunities by closing deals and turn them into purchase orders.

10.	Be a team player within the MCS model, ensure data quality, enable digital marketing and share opportunities with other MCS teammates.

"
新竹區專櫃銷售顧問（竹北遠百新開幕）Water Filters Sales Representative,偉太健康科技有限公司,"店長／賣場管理人員,門市／店員／專櫃人員,國內業務人員","【工作內容】
1.	對產品有深入的認識，與客戶的互動，展出專業的產品知識，給予客戶與眾不同的服務體驗。
2.	負責門市與客戶建立與維繫。
3.	追蹤客戶後續動作。
4.	達成個人及門市的目標，提升及發展門市營運。
5.	配合總公司的活動執行。
6.	根據總公司的指導方針進行門市內部的陳列。
7.	維持門市店面整潔及商品的管理。
8.	此職位需排班輪休。

【Job Responsibilities】
1.	Have comprehensive understanding of products; interact with customers to ensure high level of customer satisfaction through excellent sales service;
2.	Build productive trust relationship with customers;
3.	Follow up customers a need;
4.	Achieve sales goal and maintain the operation of retail branch store;
5.	Cooperate with the need of head office to carry out promotional activities;
6.	Maintain branch store display and appearance based on the guideline of head office;
7.	Assist in store operations and daily housekeeping of merchandise;
8.	Weekend and public holidays shift work is required for this position

【職位要求】
如果你：
【服務熱忱】 【精品經驗】
個性開朗活潑，熱愛服務，期望從銷售中提升自我，善於經營及鞏固與客戶的關係。擁有精品銷售經驗，儀態端莊，談吐大方。

【Job Requirements】
If you…
【Passion in service】【Sales experience in luxury industry】
	Good team player, optimistic, pleasant, energetic, and service-oriented;
	Excellent in building and keeping relationship with customers;
	Have sales experience in luxury industry;
	Have a dignified deportment

【渴望成功】 【自信盡責】
曾有過挑戰和克服困難的經歷，對自己有極高期許，勇於突破自我。具有強烈企圖心，堅持不懈的精神。。
【Desire to success】【Confident and responsible】
	Look for self-breakthrough with high self-expectations;
	Have a big ambition to insist on getting better / overcoming difficulties

擁有以上特質的優秀人材優先錄取，歡迎您的加入！
If you meet the above conditions, you will be prioritized to be enrolled. 
Welcome to join us!

【薪資制度】
雄心壯志，不輕易滿足於現狀，我們在尋找勇於挑戰的你！
公司勇於保障優秀人材，高底薪保障及完整的績效獎金制度，34000以上保障底薪，條件越高，保障薪資越高；績效獎金，每季結算，還有團獎、個獎和不定期活動競賽獎。
【福利條件】
-	月休10日
-	外加國定假日及特休
-	平均每年至少138天休假
-	每週工時41小時
-	國定假日可調休
-	定期國外旅遊
-	詳細福利請參考下方條件"
Software Developer(Internal Systems) / 軟體研發工程師(內部系統開發),美商勞倫斯科技股份有限公司台灣分公司,軟體設計工程師,"We are looking for a software engineer who is passionate about solving problems. If you are a brilliant innovator this is your dream job. The ideal candidate for this position is someone who thinks outside-of-the-box. Creativity, ingenuity, and technical-passionate are critical success factors. 

You must be able to take a user requirement and come up with a good design and program the solution.  The user requirement will be a general requirement given and not a technical document - the person must be able to understand this, come up with the design, and deliver a good solution."
運維工程師(網路加速器) 工作地點 : 杜拜,寶誠有限公司,"系統維護／操作人員,MIS／網管主管,網路管理工程師","運維工程師(網路加速器) 工作地點 : 杜拜

工作內容：
1、負責公司專案系統運維和技術支援(網路加速器)
2、系統硬體環境和軟體環境的日常維護
3、進行辦公設備的日常管理，完善和更新各類IT文件
4、負責伺服器配置、維護、監控、優化、障礙排除
5、保障伺服器與資料庫安全，檢查並消除安全漏洞
6、iis建站維護，更新data files、website、設備異常處理
7、維持伺服器安全高效運轉，處理客戶端訪問數據

任職要求：
1、大專或以上學歷，1年或以上相關工作經驗
2、熟悉Windows和Linux簡單維護
3、具備電腦軟/硬體及網路系統設備故障診斷及處理能力
4、具備良好的判斷能力、溝通能力，具有較強的責任心


"
DRAM Product Engineer [DRAM產品工程師][R&D研發],台灣美光(台灣美光晶圓科技股份有限公司/台灣美光記憶體股份有限公司/美商美光亞太科技股份有限公司台灣分公司),"數位IC設計工程師,硬體測試工程師,半導體工程師","As a DRAM Engineering Group (DEG) Product Engineer at Micron Technology, Inc., you will be responsible to prepare for new DRAM products and coordinate resources, testing, and analysis over the lifecycle of the product. You will run simulations, create and maintain design documentation, analyze parametric data and respond to failures. In this role, you will work with various Engineering and Manufacturing groups to troubleshoot, develop and validate device testing programs, as well as identify and validate lab equipment needs, and identify or modify tests for customer returns and programs to meet specific product requirements. You will also act as a product-specific point of contact and work with Application Engineers evaluating and providing feedback on data sheets, and with Quality Assurance to ensure product reliability.

Responsibilities and Tasks:
Prepare for Initial Tapeout for New DRAM Products
Work with Design Engineering and run simulations
Provide feedback on lessons learned
Work with Process Integration Engineering (PIE)
Work with Process Integration Engineering (PIE) Create and maintain design documentation
Complete the pre-silicon checklist

Coordinate Post Tapeout Preparation for Silicon
Work with Manufacturing teams to ensure resources are available (Probe cards, substrates, package part trays, tester handler kits, etc.)
Identify PE Lab equipment needs
Identify and validate PE Lab equipment
Work with Test and Probe and product engineering to modify programs for specific product requirements (Micromate)

Ensure that Silicon Meets Product Expectations
Extract and analyze Probe and Test Parametric data
Debug and identify root cause for failures
Implement fixes for fails (Design or Process)
Work with Quality Assurance (QA) Teams on customer returns to identify new tests
Work with QA to ensure reliability
Monitor yields and verify that yields meet projections

Partner with Engineering , Manufacturing and Marketing
Create and deliver presentations
Participate in meetings (status updates, Fab, Design teams, etc)
Troubleshoot, develop or validate device testing programs
Evaluate data sheets and provide feedback to Application Engineers
Prioritize work with other groups

Provide Technical Training and Expertise
Provide On-the-Job Training (OJT) for new engineers
Instruct on data presentation and techniques
Assist with data interpretation
Act as product-specific point of contact
Attend technical seminars.

Education
Required: Bachelors Degree above: Engineering – Computer / Engineering - Electrical
Desired: Bachelors Degree: VLSI / Semiconductors

Environment: Office
Shift: regular office hours, 5 days a week, Days"
資料科學家Data Scientist,希卡科技有限公司(籌備處),"演算法開發工程師,統計學研究員,軟體設計工程師","一、工作內容:
1、 從不同維度對市場數據以及客戶交易資料，研究並提出創新的量化解決方案。
2、根據既有的交易產品的報價或統計模型進行研究，提供開發者資料模型並據以在系統上實施及改善。
3、對網頁高頻報價數據進行資料探勘及分析。

二、背景期望:
1、碩士學歷或實務上工作經歷。
2、數理、統計、金融相關學經歷 (尤佳)。
3、熟悉Python及統計、爬蟲相關工具。
4、熟悉交易所撮合流程(尤佳)。"
Data Scientist / 資料科學家,集邦科技股份有限公司_TRENDFORCE,"軟體設計工程師,演算法開發工程師","Responsibilities
●Define ML-solvable problems from financial/industrial domains.

●Implement and apply ML models/tools to solve the problems and generate high quality predictions.

Skills and Qualifications
1. Master degree in finance/data science related domain or Bachelor's degree in related fields.
2. Good at Python Programming. Code Test is required during interview.
3. Strong Intrest in stock market/futures market. Investment experience is a plus.
4. Basic machine learning knowkedge. Machine learning related working experience is a plus. 
5. Good communication skills and team working ability.
6. Responsible for your projects.
7. Experience of gitlab using and code-review is a plus.
8. Work experience in data cleaning/ data analysis is a plus
9. Programming-related working experience is a plus (NOT school projects)"
數據科學家 Data Scientist (Data Science & AI Team),鴻海精密工業股份有限公司,"演算法開發工程師,軟體設計工程師,統計學研究員","<About the job>： 
As the data scientist, you'll join the AI/Big Data Analytics program/projects related to management topics, including Commercial/Industrial Engineering/Supply Chain/Financial Performance/Operation...etc., to build the model or algorithm to empower data-driven & analytics-driven for driving business value from data insights in this world-class company (Fortune Global 500, 22nd).

<Job Description>： 
．Design, implement and refine advanced Statistical/Machine Learning/Deep Learning/Numerical Simulation/Optimization Algorithm Models(at least one of the fields)
．Ensure alignment of modeling initiatives with the requirement goal defined by key stakeholders and company objectives and identify new hypotheses for model improvements.
．Executing big data analysis and predictive analytics projects include feature engineering, model building, algorithm development, etc.
．Works closely with a team of data system analysts, business data analysts, data engineers, data platform architects, etc.
．Collaborate effectively with team members, whether leading tasks or supporting initiatives led by others.
<Skills>
．Experience with any one of Machine Learning, Statistical Modeling, Deep Learning(Nature Language/Image), Econometric Modeling, Optimization Algorithm(OR), Numerical Simulation..., etc., model/algorithm building of the practical application in the industry.
．Familiarity with programming languages like Python or R, or Java. (Good programming skills in Python is a plus). 
．Advanced ability to perform Exploratory Data Analysis and working knowledge of statistics. 
．Ability to visualize data in the most effective way possible for a given task, especially visualize models and results and debug and troubleshoot code and models."
Data Scientist/資料科學家,蜂群電子商務股份有限公司,"軟體設計工程師,Internet程式設計師,演算法開發工程師","1.透過機器學習最佳化派送流程、運輸路徑、補給路線
2.資料探勘客戶族群、訂單進行統計及分析，開發資料視覺化圖表
3.建構數據分析環境，並運用Python分析
4.具有大數據資料解析、數據洞察能力及良好邏輯分析與程式開發能力
5.能與其他系統開發工作團隊配合
6.需有2年以上相關工作經驗"
資料科學家 Data Scientist,韋爻研策有限公司,"Internet程式設計師,演算法開發工程師,統計學研究員","工作: 
- 利用資料科學技術洞察客戶行為數據
- 執行需求訪談、資料收集、資料清理 、模型建置、資料視覺化等任務
- 機器學習/深度學習/文字探勘演算法開發應用

條件: 
- 良好的溝通與表達能力
- 善資料視覺化
- 熟SQL、Python
- 熟悉機器學習方法
- 熟文字探勘 (Text Mining) 基礎知識
 
加分: 
- 大數據(Big Data)雲端系統開發(Hadoop/NoSQL)
- Open Data分析及加值應用
- NLP實務經驗
 
人格特質: 
- 樂於溝通討論，能與團隊一起解決問題 
- 能夠主動學習並自我要求 
- 對新技術有強烈興趣
"
Data Scientist 資料科學家,SuDo_蘇度科技有限公司,"其他資訊專業人員,統計學研究員,金融研究員","工作內容:
獨立對觀察到的資料進行完整的分析與應用，包含但不限於：
數據收集
量化分析與質化分析
建立預測模型
開發應用情境
我們想要研究的標的會隨著團隊的靈感與目標而變，因此我們不預期您具備任何特定領域的先備知識，但也希望您面對不同的主題與挑戰時能夠和團隊一起研究與學習，做出更好的分析結果！

工作形式:
不需打卡
原則上彈性工時
若因工作內容原因需約定工時，我們會事前告知並徵詢您的意見

其他事項:
本職務不限於具有金融背景者，但我們也非常歡迎具有量化金融資料分析洞察力的人選
薪資將依據您具備的技能以及希望的分配（本薪、常規獎金、激勵獎金等）與您協議
若您的技能遠超出此項職缺所需，我們很樂意與您討論更適合您的職位，並依據該職位議價
若您具備應徵條件所列以外之技能，也請條列於個人履歷上，我們很重視您的天賦能為我們帶來的貢獻！"
資料科學家 (Data Scientist),安智聯科技有限公司,"演算法開發工程師,統計學研究員,軟體設計工程師","1. 數據資料前處理（包含數據清洗、特徵工程）
2. 機器學習、深度學習或其他相關演算法開發
3. 數據與機器學習模型可視化處理
5. 依專案需求，參與系統架構流程規劃
6. 協同前端、後端工程師進行系統整合
7. 修改、維護上市的資料分析系統產品
8. 協助研發資料分析的新技術與新工具
9. 配合專案，不定期短期出差大陸"
資料科學家-Data Scientist,大慶證券股份有限公司_總管理處,"演算法開發工程師,統計學研究員,軟體設計工程師","關於大慶證券：
大慶證券於1988年成立，2003年成為上櫃公司，淨資產46.42億元。歷年來秉持「踏實穩健、正派經營」的經營理念，為客戶提供各種金融服務，除了證券交易，還包括投顧、承銷、自營、期貨、信用交易等業務。目前員工人數約350人，在全台灣共有12個營業據點，分佈於北區8處、中區2處、南區2處。併入亞洲價值資本集團後，全新的大慶證券整合了集團多元的金融服務能力，增加資產管理的服務，透過有競爭力的資產管理產品與專業可靠的投資顧問，為客戶與股東創造更多、更完整的價值。

職位概述：
我們在尋找一位細心、有責任感、熱愛與透過數據找到真相的夥伴，透過內外部市場，業務及客戶數字挖掘業務機會、賦能公司運作。這個角色負責集團的內外部數據整合及分析工作，並建立大數據平台以支援內部使用者預測、規劃、分析公司營運數據及策略，提供數據導向的洞見。另外使用大數據及機器學習科技，參與金融科技產品開發以持續創造價值給我們的客戶。如果你喜歡在繁瑣的數據中梳理背後的含義和真相，通過數據和洞察幫助別人，以改進社會和組織，這將是合適你的角色。

工作職責：
● 將跨團隊之商業機會與需求，轉換為具體的分析目標，支持公司產品發展與數據決策
結合大量數據，進行數據清理、萃取特徵，透過分析方法與演算技術，開發與實現數據產品
● 支持各團隊的數據與分析需求：產品、行銷、策略、業務團隊等
● 與數據工程師及產品開發團隊合作，參與統計及機器學習模型研究開發並導入內部數據產品及客戶端金融科技產品以兼顧使用者體驗與模型準確性

● Cooperate with cross-functional teams throughout the organization to identify opportunities for leveraging company data to drive business solutions.
● Mine, manipulate and apply statistical analysis and machine learning algorithm on multiple data sets to build scalable enterprise data solutions.
● Work with large, complex data sets. Conduct analysis that includes business understanding, data gathering, processing, analysis, predictive modeling, ongoing deliverables, and presentations.
● Work with data engineers on the design and deployment of Business Intelligent dashboard
● Applies advanced statistical and predictive modeling techniques to build, maintain, verify and improve on multiple real-time systems.

任職要求：
● 資料科學、統計數學、資訊或量化分析相關科系碩士
● 三年以上數據科學相關經驗
● 熟悉 Python 或 R 程式語言
● 熟悉SQL 或 NoSQL資料操作
● 資料視覺化工具使用，如：Tableau

● Strong problem solving skills with an emphasis on product development.
● Good communication skills for coordinating across teams.
● 2+ years hands-on experience in data science field
● Experience using languages Python or R
● Experience using SQL or NoSQL to manipulate data
● Familiar with data visualization tool, such as Tableau
● Master’s degree in data science, statistics, mathematics, computer science or related quantitative field

加入大慶證券, 你會收穫：
● 加入一個開放、好學、有夢想的團隊，沒有辦公室政治，沒有繁文縟節，一同專注為客戶提供價值。
● 隨著公司的發展成長，可以豐富財務經驗，建立更寬廣及宏觀的財務視野。
● 在專業領域嘗試和創造的廣闊空間，成為台灣證券期貨業首創現代化數據團隊的一員，並親歷金融科技變革的前沿。
● 接觸大量使用者交易資料及財務模型並隨核心事業成長以提供客戶長期價值。"
Data Scientist 資料科學家,Linker Networks Inc._美商寶蘊凌科網路科技有限公司台灣分公司,"軟體設計工程師,演算法開發工程師,其他資訊專業人員","Responsibilities :

- Developing deep learning solutions and performance evaluation frameworks according to business project at production-level
- Partner with engineers and product managers to build the right application for business need
- Researching on latest DL/ML algorithms or frameworks to find opportunities for growth and efficiency for the data science team
- Design and analyze experiments; communicate results and launch decisions


Qualifications:

- MS or Ph.D. in Computer Science, Engineering, Statistics, Operations Research, Mathematics, or other quantitative fields are preferred
- Solid understanding of deep learning & machine learning
- Familiar with Python

Experienced in cutting edge deep learning models and frameworks PyTorch, Tensorflow, etc.
- Willingness to collaborate and communicate with others to solve a problem
- Experience of working in a startup is a plus


Nice to have:

- Familiar with CUDA programming, and distributed computing.
- Experience in one of the following topics 3D DL (Point Cloud / Voxels / RGB-D etc.), 3D image geometry, 6D pose estimation."
Computer Vision Data Scientist,百威雷科技有限公司,"軟體設計工程師,演算法開發工程師","We are a fast-growing, research-driven company building AI solutions that helps corporate and factories overcome the challenges they face every day. Using novel machine learning techniques, we are revolutionizing the industry and have a track record of building things that others have ruled out as impossible. Our team is our best asset. We work with smart and talented individuals, who all enjoy a high degree of responsibility and independence in structuring their work. The team are looking for passionate data scientist who are keen to work with like-minded individuals in a rapidly evolving environment. 

Role & Responsibilities
‧ Research, design, implement and evaluate novel computer vision algorithms.
· Work closely with sales team, data scientist team and product engineering teams to drive model implementations and new algorithms.
‧ Deliver technical advice to our partners.
‧ Interact with customer directly to understand the business problems and aid them in implementation of their ML solutions.
‧ Develop innovative algorithmic tools that add value to our data products.
‧ Developing high quality, low latency ML models.

Basic Qualifications

· PhD in computer vision/machine learning or related experience.
· 3+ years of relevant experience in building production-scale system/algorithm in one of the following domains: computer vision, deep learning, or machine learning.
· 2-3 years of modeling experience working with deep learning frameworks like Pytorch or MxNet.
· Current hands-on experience with state-of-the-art object detection approaches (e.g. Faster RCNN, Yolov4, Yolor, CenterNet etc.)
· Understanding of deep learning CV evaluation metrics including mAP, F_beta, PR curves, etc.
· Team player with excellent interpersonal skills.

Preferred Qualifications

· Broad knowledge of fundamentals and state-of-the-art in computer vision/machine learning.
· Experience leveraging and augmenting large code base and computer vision/machine libraries/toolkits to deliver new solutions.
· Experience extending object detection models to multi-object, multi-label tracking
· Experience working with motion imagery datasets (e.g. Full Motion Video/ FMV, Wide Area Motion Imagery/ WAMI) is a plus.
· Familiarity deploying solutions to IoT/edge platforms (e.g. NVIDIA Jetson Xavier).
· An Advantage: Experience in publishing at major computer science conferences or journals.
· An Advantage: Experience contributing to research communities, including publishing papers at conferences.

**Please attach a copy of your resume in English. 
**欲應徵者請附英文履歷提供審查  "
Data Scientist,巨量移動科技有限公司,演算法開發工程師,"(1)協助開發 Data cleaning, Data preprocessing, Feature engineering, Modeling 等自動化資料分析系統
(2)協助客戶將資料及系統導入 Decanter AI Engine 產品服務
(3)開發優化 Decanter AI Engine 資料分析演算法
(4)整合優化 NN 系列 Deep Learning 資料分析演算法
(5)協助發撰寫專利及案例分析
(6)資料分析專案管理
(7)資料視覺化圖表設計"
AI人工智能資料科學家 (Data Scientist),東元電機股份有限公司,"軟體設計工程師,演算法開發工程師","1.建立端對端(End-to-End) AI分析流程「數據收集-數據處理-特徵工程-模型訓練-模型推論-決策建議-人機協作-行動體驗-視覺呈現」的系統化工程與快速的POC(Proof of Concept)方案驗證。
2.整合運用先進資訊技術/認知運算技術/物聯網技術，建立企業AI下水道工程。
3.設計、協助及管理數據分析服務及人工智慧專案等業務之推動
4.建立可分享重用的資料庫，並以統計、機器學習與深度學習分析內外部客戶資料，提供合適的解決方案。"
Data Scientist 數據科學家,安索帕股份有限公司,"統計學研究員,軟體相關專案管理師,其他資訊專業人員","Isobar做為數位轉型與數位創新的領導品牌，領先市場佈局打造專業的CR-Marketing顧問諮詢團隊，集結了橫跨數據科學與數位創意的全腦競爭人才，面對高速演化的商業競爭市場，Isobar CR-Marketing顧問團隊扮演數據、創意與策略之間的關鍵轉譯角色，協助品牌透過自身的會員數據來優化CRM操作策略，累積會員數據資產、創造會員數據變現的新商業成長曲線。

在不斷研發創新演算與整合服務的同時，Isobar長期延攬跨界頂尖人才，持續優化團隊並擴大CRM顧問服務的差異化優勢。身為Isobar CR-Marketing團隊的數據科學家，主要的任務是要將品牌核心商業數據透過演算、模型轉化為商業決策的洞察，與CRM商業諮詢顧問共同擬定CRM作業策略建議以及建立具體行動方案。
我們在找一個具備跨界思考能力的新數據力專業人才，貫穿商業思維、數據演算與行銷策略，徹底融入品牌營運的顧問服務，攜手打造數位轉型時代的新顧問服務模式。


Job Responsibilities:
•	研究跨產業會員關鍵價值行為模式，協助團隊提供客戶在CRM經營策略的建議
•	依據不同商業主題，建立分析或預測模型(含研究方法)以應用於CRM操作優化
•	定期協助諮詢顧問製作並優化顧問分析報告：CRM維運追蹤、活動成效⋯等
•	協助維護、優化既有的CRM會員現況診斷分析流程
•	配合客戶需求，提供特定商業與消費會員數據議題的研究分析報告以持續優化決策品質

Job Requirement:
•	熟悉R語言與相關套件(tidyverse、lubridate、caret)
•	5年以上的數據分析、應用、建模的經驗
•	至少3個從數據擷取、數據整理、數據分析、數據建模到商業洞察的完整專案執行實務經驗
•	數理統計模型(Regression、Clustering、Segmentation⋯等)的應用經驗
"
Data Scientist - Analytics,Pinkoi_香港商果翼科技股份有限公司台灣分公司,"軟體設計工程師,其他資訊專業人員,演算法開發工程師","Data Scientist - Analytics 在 Pinkoi 將負責挖掘、研究和分析平台上所有的數據，並使用統計、機器學習、資料探勘等相關技術，幫助平台解決各種有挑戰性的量化問題。這工作可能挑戰除了針對問題挖掘資料、提出洞見、設計實驗驗證假設，也會和其他 Engineers 與 UI/UX Designers 一起協同開發。在各種專案中，讓數據帶來的價值最大化。

你需要負責的工作內容：
1. 結合商業思維、數據探勘與 Machine Learning 等技術，做探索性數據分析，提出策略與洞見。
2. 與 Engineers 合作開發 product features ，建立相關驗證、實驗、監控機制。特別是 data-driven features 如搜尋、推薦系統。
3. 協助解決商業端與產品端的數據需求。自主探索資料，挖掘痛點並提出解決方案。

我們希望你有的經驗跟特質
1. 對於設計指標、挖掘使用者行爲、分析資料，設計實驗來驗證假設有極大興趣。
2. 能用資料回答疑問、剖析使用者行為、建立指標，知道資料處理處理的眉角。
3. 良好的資料視覺化和溝通能力，能夠清晰解釋數據分析出來的原理和結果。
4. 具備和行銷團隊 / 設計師 / 工程師合作的經驗，善於有效協助統整歸納需求、折衝各方意見找到平衡點。
5. 樂於學習最新的技術，隨時充實自我的專業技能。
6. 主動發掘問題並提出解法。

應徵條件：
1. 統計 / 數學 / 資料科學相關科系畢業。
2. 至少兩年以上數據分析相關工作經驗。
3. 熟悉 Python 或 R 其中一種程式語言。Pinkoi 主要用 Python。
4. 熟悉 SQL 資料庫運用。例如 MySQL、PostgreSQL 等一種。
5. 熟悉 Data Mining、Recommendation System、Machine Learning 背景知識。
6. 具備 Data Visualize 能力，熟悉 Python/ R library ex. plotly 或是操作型工具類 ex. Tableau, Superset, Redash 等 BI 工具。
7. 具備 A/B testing 設計與假設檢定知識

加分條件：
1. 具備建立推薦模型經驗，了解模型機制。
2. 具備 Information Retrieval、Natural Language Processing、Statistics Analysis 等相關知識。
3. 自建或使用過第三方 Tracking tool。例如 Fluentd、Firebase、Google Analytics、Amplitude、Mixpanel 等。
4. 熟悉 ElasticSearch 或 Solr 等搜尋引擎。
5. 具備 Data modeling 能力。

不用想了，趕快來當個 Pinkoi 人：
如果你有信心能夠勝任這份工作，歡迎把履歷寄到 apply-data@pinkoi.com，主旨開頭請加上 『 應徵 Data Scientist - Analytics（你的名字）』 ，並附上（缺一不可）：

1. 你的個人作品 (GitHub、網站 link 或其他作品介紹資料)
2. 分享你的挖掘、分析 data、建立 Machine Learning/AI 系統使用的技術、演算法及結果的經驗"
㊣Sr. Data Scientist / 資料科學家㊣,滿食空股份有限公司,"其他資訊專業人員,系統分析師","｜NT$800K-1.2M｜0.0 - 3.0% equity｜Taipei City｜
We are looking for an expert in data analytics to join our Data Intelligence Team.  


｜ WHO WE ARE ｜

自由食間是更聰明、更便利、且更懂你的OMO智慧新零售服務。透過物聯網及人工智慧，我們要在對的時間地點裡提供對的東西給對的人；整合無人零售及電子商務提供極致的便利及最完善的服務。我們總是追求進步與改變，所以努力讓每一次的消費都能有最完美的體驗。

FREEZONE is an OMO smart retail solution provider enabling brands to start their offline and online business easily. With our technologies, much of the purchase, checkout, and payment steps associated with a retail transaction are completely automated. In the meantime, we focus on providing the right goods to the right people based on a variety of data collected by our innovative system. Our vision is to provide the world's most pleasant shopping experience.


｜ WHAT YOU'LL BE DOING ｜

- Work with business stakeholders to identify business needs, define data analysis goals, and set metrics and KPI.
- Manage data requests from multiple functions and support stakeholders to make data-informed decisions; perform exploratory analysis to develop hypotheses and answer complex business questions
- Design experiments and perform post-hoc analyses to inform product roadmap and drive business growth.
- Closely partner with data engineers to develop and maintain automated dashboards, metric reports, and data visualizations to analyze and present data.
- Collaborate within the Data Intelligence Team to strategize on upstream data models and pipelines, drive aggregate definitions and develop own solutions as needed.

｜ WE ARE LOOKING FOR ｜

必備條件：
- 3+ years experience in data analytics or related fields
- Experience building dashboards with proficiency in at least one of the following tools: Tableau, Mixpanel, Power BI, ClickView, Data Studio
- Confidence with analytical tools such as Excel and Python/R
- Working knowledge of SQL or NoSQL
- Amazing problem solving skills and an ability to define business problems and KPIs
- Demonstrated track record of translating analysis results into actionable insights
- Desire to work with intelligent individuals in a fast-paced startup environment
- Excellent communicator - strong written and oral communication skills to present insights clearly to technical and non-technical audiences

加分條件：
- Experience in retail, e-commerce, FMCG, or related fields
- Experience in design and analysis of A/B testing
- Experience in event-based tracking
- Experience in data warehousing design and implementation
- Experience in data pipeline setup and management
- Demonstrated ability to thrive in a fast-paced environment while managing multiple projects and tight deadlines


｜ WHAT WE OFFER ｜

We offer a competitive compensation package with equity included. Salary and job roles are all negotiable as working with top talents is always our first priority. We would love to hear from you!

"
Data Scientist,美商訊能集思智能科技股份有限公司台灣分公司,演算法開發工程師,"Do you yearn to work with a group of top Software Engineers? Do you want to work on an exciting and promising future vision in the field of Artificial Intelligence and Machine Learning? Synergies is transforming and guiding how businesses make decisions via big data algorithms and analysis. We are an engineering-centric organization and we believe only top engineers can take us there. Join us and transform ourselves and businesses together.

您想與一群頂尖的軟體工程師共事嗎？ 您是否憧憬在人工智能和機器學習領域，Synergies擁有一群專業且熱忱的頂尖技術人員，所開發的產品透過大數據算法與分析，引領企業智能轉型，幫助企業加快決策。誠摯歡迎您的加入，開展令人興奮和充滿希望的願景，與Synergies一起改變世界! 

[職務內容]
主要負責產品開發，與工程師的密切合作，確保產品在數據分析的方向及功能的設計，讓非數據分析背景的人也能上手。

[責任]
-開發實用的數據分析方法，將複雜的問題轉換為易於使用的標準化功能。
-將統計理論和方法轉換為標準化功能，成為我們的旗艦產品JarviX的部份。
-從多個來源挖掘數據，然後以一種易於一般使用者閱讀和理解的方式在平台上實現。
-創建有意義的特徵工程方法及模組，並將其應用於我們的平台。
-掌握對數據分析和預測方法的趨勢和可能方式。
-建立文件，使JarviX用戶可以簡易地了解數據分析過程的步驟。
-與工程師及團隊協作，並對系統提出，數據分析方面的修改和精進。
-從數據中產出洞察和見解，找出趨勢和其它理解該數據的方法。
-將數據解釋和分析的方法，轉換成在平台上豐富的交互式可視化的功能。
-定義並實施ETL的最佳邏輯，以確保JarviX平台上具有最佳的可擴展性。

[要求]
-博士畢業 (統計或資訊相關科系)
-二年以上資料結構，資料探勘，資料分析實務經驗，具基礎程式能力及CRM分析經驗。
-瞭解統計學相關知識：百分位數，箱線圖，標準差，皮爾遜相關係數，貝葉斯定理，正態分佈，卡方分佈，假設檢驗等。
-熟悉SQL語法：比如Mysql資料庫。
-熟悉python資料分析常用庫：pandas、numpy、matplotlib、Seaborn，能夠利用python做資料視覺化、資料探索、資料預處理。
-對數據資料有敏感度且有熱情。
-熟悉機器學習相關演算法及知識, 如Boosting Algorithms, Random Forest, Neural Networks etc.
"
(LINE Bank) Data Scientist_資料科學家,LINE Bank_連線商業銀行股份有限公司,"演算法開發工程師,軟體設計工程師","[Responsibilities] 
-透過數據分析及機器學習進行數據探索及機會發現。 
-透過數據分析及機器學習解決關鍵問題，並提供策略建議。 
-負責建立AI大數據系統專案及協助業務流程導入。
-Data exploration and opportunity discovery through data analysis and machine learning.
-Through data analysis and machine learning to solve key problems, and provide strategic suggestions.
-Responsible for establishing AI big data system project and assisting in the introduction of business processes."
Data scientist ,傑希生技有限公司,"演算法開發工程師,其他資訊專業人員","We are looking for a Data Scientist to support analyzing indoor aquaculture and system behavior in order to help create the most efficient farms that the world has ever seen. In this role, using data mining, statistical techniques, and machine learning, you will be analyzing and visualizing data to help improve operational efficiency, minimize losses, increase yield. These combined goals will give Company’s produce global reach at an accessible price, leading to increased produce consumption and raising the quality of living around the world. You will be part of a passionate and dynamic team that is developing new technology from the ground up

What You'll Do

-Understand data needs and construct data pipelines that address gaps and provide new information about facility processes and performance
-Implement applications, dashboards, and statistical techniques to monitor process control tied to farm performance
-Define correlations between process inputs & outcomes to help improve yield rate, quality, and overall process
-Identify gaps in data to enable development of sensors, hardware, firmware and data pipelines
-Own and drive computational modeling 
-Systematic thinker who can balance multiple priorities and master new datasets quickly
-Background in computational modeling and data science
-Well versed in statistical analysis (SPC, DOE, ANOVA, regressions etc) and able to draw conclusions on the relationships between variables
-years of using dbt or other ETL methods to provide end-users with clean, transformed data
-years of expertise in using SQL to query messy datasets and to create data pipelines
-years of experience in R or Python (scripting languages) etc. to analyze data
-years of experience of creating informative & interactive data visualizations
-Experience integrating algorithms and data analyses with applications for end-users
-Strong documenter of maintainable code (version control, CI/CD, etc.), methods, and results
BS / MS or Ph.D in Computer Science, Data Science, Statistics, Math or related degree with relevant experience)"
Data Scientist,德義資訊股份有限公司,"Internet程式設計師,其他資訊專業人員,系統分析師","Requirements
Knowledge and experiences of at least one programming language of Java, Python, Spark, PySpark, Hadoop.
Experiences of GCP: DataProc, Vertex AI Platform, TensorFlow, DataFlow, Piper Framework
Good analytical and problem-solving skills.
Quick learner of state-of-the-arts data science technologies and algorithms
Excellent teamwork, knowledge sharing and communication skills
Linux shell commands and hypervisors, such as VMWare, KVM, or Xen is a plus
Knowledge of Docker technologies is a plus
CS related disciplines is a plus."
"資料科學家 Data Scientist-數據科技(數數發中心, DDT)",國泰金控_國泰金融控股股份有限公司,"統計精算人員,演算法開發工程師,其他資訊專業人員","1. 機器學習、深度學習或統計分析模型的實作開發，包含數據清洗、特徵工程及探索、模型建置與調參
2. 配合數據技術發展目標，研究與開發可落地實用之新興數據技術，並協助提升金控整體數據技術運用能力

(本職務配合公司數據團隊布局策略，若有必要時需至子公司輪調或任務支援)"
